,,,,,,
========== –ù–ï–î–ï–õ–Ø 50 (08.12‚Äì14.12.2025) ==========,,,,,,
–ü–µ—Ä–∏–æ–¥: –ë–∞–∑–æ–≤—ã–π | –¢–∏–ø: –°—Ç–∞–Ω–¥–∞—Ä—Ç–Ω–∞—è –Ω–∞–≥—Ä—É–∑–∫–∞,,,,,,
–¶–µ–ª–∏: –†–∞–∑–≤–∏—Ç–∏–µ Z2-–±–∞–∑—ã + —É–∫—Ä–µ–ø–ª–µ–Ω–∏–µ –Ω–æ–≥ + —Å–ø–µ—Ü–∏—Ñ–∏–∫–∞ –ø–æ–¥—ä—ë–º–æ–≤,,,,,,
–°–æ—Å—Ç–∞–≤: 3 –±–µ–≥–æ–≤—ã–µ (Z2 + –≥–æ—Ä—ã + –¥–ª–∏—Ç–µ–ª—å–Ω–∞—è) + 2 —Å–∏–ª–æ–≤—ã–µ/–∫—Ä–æ—Å—Å—Ñ–∏—Ç,,,,,,
–û–±—ä—ë–º –±–µ–≥–∞: ~35 –∫–º | –ù–∞–±–æ—Ä: ~500 –º,,,,,,
,,,,,,
–î–µ–Ω—å,–¢–∏–ø —Ç—Ä–µ–Ω–∏—Ä–æ–≤–∫–∏,–ü–æ–¥—Ç–∏–ø / –¶–µ–ª—å,–í—Ä–µ–º—è (–º–∏–Ω),–ü—Ä–∏–º–µ—á–∞–Ω–∏–µ / –°–æ–¥–µ—Ä–∂–∞–Ω–∏–µ,–ó–æ–Ω–∞ –ß–°–° / –¢–µ–º–ø,–¶–µ–ª—å –¥–Ω—è
–ø–Ω 08.12,üõãÔ∏è –û—Ç–¥—ã—Ö,–í–æ—Å—Å—Ç–∞–Ω–æ–≤–ª–µ–Ω–∏–µ,‚Äî,–ü–æ–ª–Ω—ã–π –æ—Ç–¥—ã—Ö –∏–ª–∏ –ª—ë–≥–∫–∞—è —Ä–∞—Å—Ç—è–∂–∫–∞ 10‚Äì15 –º–∏–Ω,‚Äî,–í–æ—Å—Å—Ç–∞–Ω–æ–≤–ª–µ–Ω–∏–µ
–≤—Ç 09.12,üèÉ –ë–µ–≥ + üí™ –°–∏–ª–æ–≤–∞—è,Z2-–±–∞–∑–∞ + –Ω–æ–≥–∏,75‚Äì85,–ë–µ–≥ 50 –º–∏–Ω Z2 (8 –∫–º) ‚Üí –°–∏–ª–æ–≤–∞—è –Ω–∞ –Ω–æ–≥–∏ 25‚Äì30 –º–∏–Ω,Z2 (145‚Äì158),–ê—ç—Ä–æ–±–Ω–∞—è –±–∞–∑–∞ + —É–∫—Ä–µ–ø–ª–µ–Ω–∏–µ –Ω–æ–≥
—Å—Ä 10.12,üèãÔ∏è –ö—Ä–æ—Å—Å—Ñ–∏—Ç,–ú–µ—Ç–∞–±–æ–ª–∏—á–µ—Å–∫–∞—è –≤—ã–Ω–æ—Å–ª–∏–≤–æ—Å—Ç—å,50‚Äì60,–†–∞–∑–º–∏–Ω–∫–∞ ‚Üí AMRAP 20 –º–∏–Ω ‚Üí –ì—Ä–µ–±–ª—è –∏–Ω—Ç–µ—Ä–≤–∞–ª—ã ‚Üí –ö–æ—Ä,Z3‚ÄìZ4 (158‚Äì177),–§—É–Ω–∫—Ü–∏–æ–Ω–∞–ª—å–Ω–∞—è –≤—ã–Ω–æ—Å–ª–∏–≤–æ—Å—Ç—å
—á—Ç 11.12,üõãÔ∏è –û—Ç–¥—ã—Ö,–í–æ—Å—Å—Ç–∞–Ω–æ–≤–ª–µ–Ω–∏–µ,‚Äî,–ü–æ–ª–Ω—ã–π –æ—Ç–¥—ã—Ö. –í–æ–∑–º–æ–∂–Ω–∞ –ª—ë–≥–∫–∞—è –ø—Ä–æ–≥—É–ª–∫–∞ 20‚Äì30 –º–∏–Ω,‚Äî,–í–æ—Å—Å—Ç–∞–Ω–æ–≤–ª–µ–Ω–∏–µ
–ø—Ç 12.12,üèîÔ∏è –ë–µ–≥ –≤ –≥–æ—Ä—É + üßò –ö–æ—Ä,–°–ø–µ—Ü–∏—Ñ–∏–∫–∞ –ø–æ–¥—ä—ë–º–∞,60‚Äì70,–ë–µ–≥ –Ω–∞ –¥–æ—Ä–æ–∂–∫–µ —Å —É–∫–ª–æ–Ω–æ–º 45 –º–∏–Ω (6 –∫–º) ‚Üí –ö–æ—Ä 15‚Äì20 –º–∏–Ω,Z2‚ÄìZ3 (145‚Äì171),–°–∏–ª–∞ –Ω–∞ –ø–æ–¥—ä—ë–º–µ + —Å—Ç–∞–±–∏–ª–∏–∑–∞—Ü–∏—è
—Å–± 13.12,üí™ –°–∏–ª–æ–≤–∞—è + üèãÔ∏è –ö—Ä–æ—Å—Å—Ñ–∏—Ç,–°–∏–ª–∞ + –∫–æ–Ω–¥–∏—Ü–∏—è,55‚Äì65,–°–∏–ª–æ–≤–∞—è –≤–µ—Ä—Ö 30 –º–∏–Ω ‚Üí –ö—Ä–æ—Å—Å—Ñ–∏—Ç-–∫–æ–º–ø–ª–µ–∫—Å 25 –º–∏–Ω,Z3 (158‚Äì171),–û–±—â–∞—è —Å–∏–ª–∞ + –≤—ã–Ω–æ—Å–ª–∏–≤–æ—Å—Ç—å
–≤—Å 14.12,üèÉ –î–ª–∏—Ç–µ–ª—å–Ω—ã–π –±–µ–≥,Z2-–±–∞–∑–∞,100‚Äì120,–î–ª–∏—Ç–µ–ª—å–Ω—ã–π –±–µ–≥ 15‚Äì16 –∫–º –≤ —Ä–æ–≤–Ω–æ–º —Ç–µ–º–ø–µ Z2,Z2 (145‚Äì158),–ê—ç—Ä–æ–±–Ω–∞—è –≤—ã–Ω–æ—Å–ª–∏–≤–æ—Å—Ç—å
,,,,,,
,,,,,,
========== –ù–ï–î–ï–õ–Ø 51 (15.12‚Äì21.12.2025) ==========,,,,,,
–ü–µ—Ä–∏–æ–¥: –ë–∞–∑–æ–≤—ã–π | –¢–∏–ø: –í–æ—Å—Å—Ç–∞–Ω–æ–≤–∏—Ç–µ–ª—å–Ω–∞—è –Ω–µ–¥–µ–ª—è,,,,,,
–¶–µ–ª–∏: –°–Ω–∏–∂–µ–Ω–∏–µ –∫–∞—Ä–¥–∏–æ–Ω–∞–≥—Ä—É–∑–∫–∏ –ø–æ—Å–ª–µ –ø–µ—Ä–µ—Ç—Ä–µ–Ω–∏—Ä–æ–≤–∞–Ω–Ω–æ—Å—Ç–∏ (–ø–æ–∫–∞–∑–∞—Ç–µ–ª—å 1.5) + –ø–æ–¥–¥–µ—Ä–∂–∞–Ω–∏–µ –±–∞–∑—ã,,,,,,
–°–æ—Å—Ç–∞–≤: 3 –±–µ–≥–æ–≤—ã–µ (–ª—ë–≥–∫–∏–π Z1‚ÄìZ2 + –≥–æ—Ä—ã —É–º–µ—Ä–µ–Ω–Ω–æ + –¥–ª–∏—Ç–µ–ª—å–Ω–∞—è —Å–æ–∫—Ä–∞—â—ë–Ω–Ω–∞—è) + 2 —Å–∏–ª–æ–≤—ã–µ,,,,,,
–û–±—ä—ë–º –±–µ–≥–∞: ~30 –∫–º (—Å–Ω–∏–∂–µ–Ω) | –ò–Ω—Ç–µ–Ω—Å–∏–≤–Ω–æ—Å—Ç—å: -15‚Äì20%,,,,,,
,,,,,,
–î–µ–Ω—å,–¢–∏–ø —Ç—Ä–µ–Ω–∏—Ä–æ–≤–∫–∏,–ü–æ–¥—Ç–∏–ø / –¶–µ–ª—å,–í—Ä–µ–º—è (–º–∏–Ω),–ü—Ä–∏–º–µ—á–∞–Ω–∏–µ / –°–æ–¥–µ—Ä–∂–∞–Ω–∏–µ,–ó–æ–Ω–∞ –ß–°–° / –¢–µ–º–ø,–¶–µ–ª—å –¥–Ω—è
–ø–Ω 15.12,üõãÔ∏è –û—Ç–¥—ã—Ö,–í–æ—Å—Å—Ç–∞–Ω–æ–≤–ª–µ–Ω–∏–µ,‚Äî,–ü–æ–ª–Ω—ã–π –æ—Ç–¥—ã—Ö –ø–æ—Å–ª–µ –¥–ª–∏—Ç–µ–ª—å–Ω–æ–≥–æ –≤ –≤–æ—Å–∫—Ä–µ—Å–µ–Ω—å–µ,‚Äî,–í–æ—Å—Å—Ç–∞–Ω–æ–≤–ª–µ–Ω–∏–µ –ø–æ—Å–ª–µ 17 –∫–º
–≤—Ç 16.12,üèÉ –õ—ë–≥–∫–∏–π –±–µ–≥ + üí™ –°–∏–ª–æ–≤–∞—è,Z1‚ÄìZ2 + –Ω–æ–≥–∏,60‚Äì70,–ë–µ–≥ 35‚Äì40 –º–∏–Ω Z1‚ÄìZ2 (6 –∫–º) ‚Üí –°–∏–ª–æ–≤–∞—è –Ω–æ–≥–∏ 25 –º–∏–Ω (—Å–Ω–∏–∂–µ–Ω–Ω—ã–π –æ–±—ä—ë–º),Z1‚ÄìZ2 (133‚Äì155),–í–æ—Å—Å—Ç–∞–Ω–æ–≤–∏—Ç–µ–ª—å–Ω—ã–π –±–µ–≥ + –ø–æ–¥–¥–µ—Ä–∂–∞–Ω–∏–µ —Å–∏–ª—ã
—Å—Ä 17.12,üèãÔ∏è –ö—Ä–æ—Å—Å—Ñ–∏—Ç,–õ—ë–≥–∫–∏–π –º–µ—Ç–∞–±–æ–ª–∏—á–µ—Å–∫–∏–π,40‚Äì50,–†–∞–∑–º–∏–Ω–∫–∞ ‚Üí AMRAP 15 –º–∏–Ω (–æ–±–ª–µ–≥—á—ë–Ω–Ω—ã–π) ‚Üí –ö–æ—Ä 10 –º–∏–Ω,Z2‚ÄìZ3 (145‚Äì165),–ü–æ–¥–¥–µ—Ä–∂–∞–Ω–∏–µ —Ñ–æ—Ä–º—ã –±–µ–∑ –ø–µ—Ä–µ–≥—Ä—É–∑–∫–∏
—á—Ç 18.12,üõãÔ∏è –û—Ç–¥—ã—Ö,–í–æ—Å—Å—Ç–∞–Ω–æ–≤–ª–µ–Ω–∏–µ,‚Äî,–ü–æ–ª–Ω—ã–π –æ—Ç–¥—ã—Ö. –†–∞—Å—Ç—è–∂–∫–∞ –∏–ª–∏ –º–æ–±–∏–ª—å–Ω–æ—Å—Ç—å 15 –º–∏–Ω,‚Äî,–í–æ—Å—Å—Ç–∞–Ω–æ–≤–ª–µ–Ω–∏–µ
–ø—Ç 19.12,üèîÔ∏è –ë–µ–≥ –≤ –≥–æ—Ä—É + üßò –ö–æ—Ä,–°–ø–µ—Ü–∏—Ñ–∏–∫–∞ –ø–æ–¥—ä—ë–º–∞,55‚Äì65,–ë–µ–≥ —Å —É–∫–ª–æ–Ω–æ–º 40 –º–∏–Ω (5‚Äì6 –∫–º) ‚Üí –ö–æ—Ä 15 –º–∏–Ω,Z2 (145‚Äì158),–°–ø–µ—Ü–∏—Ñ–∏—á–µ—Å–∫–∞—è —Å–∏–ª–∞ (—É–º–µ—Ä–µ–Ω–Ω–æ)
—Å–± 20.12,üí™ –°–∏–ª–æ–≤–∞—è –≤–µ—Ä—Ö + –ö–æ—Ä,–°–∏–ª–∞ –≤–µ—Ä—Ö–∞ —Ç–µ–ª–∞,45‚Äì55,–°–∏–ª–æ–≤–∞—è –≤–µ—Ä—Ö–Ω—è—è —á–∞—Å—Ç—å 35 –º–∏–Ω ‚Üí –ö–æ—Ä-–±–ª–æ–∫ 15 –º–∏–Ω,Z2‚ÄìZ3 (145‚Äì165),–ö–æ–º–ø–µ–Ω—Å–∞—Ü–∏—è –ø—Ä–æ–ø—É—â–µ–Ω–Ω–æ–π —Å—É–±–±–æ—Ç—ã + –±–∞–ª–∞–Ω—Å
–≤—Å 21.12,üèÉ –î–ª–∏—Ç–µ–ª—å–Ω—ã–π –±–µ–≥,Z2-–±–∞–∑–∞,80‚Äì100,–î–ª–∏—Ç–µ–ª—å–Ω—ã–π –±–µ–≥ 12‚Äì14 –∫–º –≤ —Ä–æ–≤–Ω–æ–º —Ç–µ–º–ø–µ Z2,Z2 (145‚Äì158),–ê—ç—Ä–æ–±–Ω–∞—è –≤—ã–Ω–æ—Å–ª–∏–≤–æ—Å—Ç—å (–≤–æ—Å—Å—Ç–∞–Ω–æ–≤–∏—Ç–µ–ª—å–Ω—ã–π –æ–±—ä—ë–º)
